Column,  (Number) from top,"Year, Vintage, or NV",Name,Type
1.0,1,,,
1.0,2,,,
1.0,3,,,
1.0,4,,,
1.0,5,,,
1.0,6,,,
1.0,7,,,
1.0,8,,,
1.0,9,,,
1.0,10,,,
1.0,11,,,
1.0,12,,,
1.0,13,,,
1.0,14,,,
,,,,
1.0,15,,,
1.0,16,,,
1.0,17,,,
1.0,18,,,
1.0,19,,,
1.0,20,,,
1.0,21,,,
1.0,22,,,
1.0,23,,,
1.0,24,,,
1.0,25,,,
,,,,
,,,,
,,Column 2,,
,,,,
,No,,,
2.0,1,,,
2.0,2,,,
2.0,3,,,
2.0,4,,,
2.0,5,2001,A. Rafanelli ,Z
2.0,6,2001,A. Rafanelli ,Z
2.0,7,2001,A. Rafanelli ,Z
2.0,8,2002,A. Rafanelli ,Z
2.0,9,2002,A. Rafanelli ,Z
2.0,10,1998,A. Rafanelli ,C
2.0,11,2000,A. Rafanelli ,Z
2.0,12,1999,A. Rafanelli ,Z
2.0,13,2001,A. Rafanelli ,Z
2.0,14,2001,A. Rafanelli ,Z
,,,,
2.0,15,1998,A. Rafanelli ,Z
2.0,16,1998,A. Rafanelli ,Z
2.0,17,1998,A. Rafanelli ,Z
2.0,18,1998,A. Rafanelli ,Z
2.0,19,2009,A. Rafanelli ,Z
2.0,20,2009,A. Rafanelli ,Z
2.0,21,2009,A. Rafanelli ,Z
2.0,22,2009,A. Rafanelli ,Z
2.0,23,2009,A. Rafanelli ,Z
2.0,24,2009,A. Rafanelli ,Z
2.0,25,2009,A. Rafanelli ,Z
,,,,
,,,,
,,Column 3,,
,,,,
,No,,,
3.0,1,2001,A. Rafanelli ,Z
3.0,2,2000,A. Rafanelli ,Z
3.0,3,2000,A. Rafanelli ,Z
3.0,4,2000,A. Rafanelli ,Z
3.0,5,2000,A. Rafanelli ,Z
3.0,6,2008,A. Rafanelli ,Z
3.0,7,2000,A. Rafanelli ,Z
3.0,8,2006,A. Rafanelli ,C
3.0,9,1998,A. Rafanelli ,Z
3.0,10,1986,A. Rafanelli ,Z
3.0,11,1999,A. Rafanelli ,C
3.0,12,1990,A. Rafanelli ,C
3.0,13,1990,A. Rafanelli ,C
3.0,14,1991,A. Rafanelli ,Z
,,,,
3.0,15,1996,A. Rafanelli Terrace Select (signed),C
3.0,16,1997,A. Rafanelli Terrace Select (signed),C
3.0,17,1997,A. Rafanelli Terrace Select (signed),C
3.0,18,1998,A. Rafanelli Terrace Select,C
3.0,19,,,
3.0,20,2000,A. Rafanelli Terrace Select,C
3.0,21,2000,A. Rafanelli Terrace Select,C
3.0,22,2001,A. Rafanelli Terrace Select,C
3.0,23,2001,A. Rafanelli Terrace Select,C
3.0,24,2002,A. Rafanelli Terrace Select,C
3.0,25,2002,A. Rafanelli Terrace Select,C
,,,,
,,,,
,,Column 4,,
,,,,
,No,,,
4.0,1,,,
4.0,2,,,
4.0,3,,,
4.0,4,2000,A. Rafanelli,Z
4.0,5,2000,A. Rafanelli,Z
4.0,6,2000,A. Rafanelli,Z
4.0,7,2000,A. Rafanelli,Z
4.0,8,2000,A. Rafanelli,Z
4.0,9,2000,A. Rafanelli,Z
4.0,10,2009,A. Rafanelli,Z
4.0,11,2009,A. Rafanelli,Z
4.0,12,1991,A. Rafanelli,Z
4.0,13,2001,A. Rafanelli,Z
4.0,14,2005,A. Rafanelli,Z
,,,,
4.0,15,2003,A. Rafanelli Terrace Select,C
4.0,16,2003,A. Rafanelli Terrace Select,C
4.0,17,2004,A. Rafanelli Terrace Select,C
4.0,18,2004,A. Rafanelli Terrace Select,C
4.0,19,2005,A. Rafanelli Terrace Select,C
4.0,20,2005,A. Rafanelli Terrace Select,C
4.0,21,2006,A. Rafanelli Terrace Select,C
4.0,22,2006,A. Rafanelli Terrace Select,C
4.0,23,2007,A. Rafanelli Terrace Select,C
4.0,24,2007,A. Rafanelli Terrace Select,C
4.0,25,2008,A. Rafanelli Terrace Select,C
,,,,
,,,,
,,Column 5,,
,,,,
,No,,,
5.0,1,,,
5.0,2,,,
5.0,3,,,
5.0,4,,,
5.0,5,1999,A. Rafanelli,Z
5.0,6,1999,A. Rafanelli,C
5.0,7,1999,A. Rafanelli,C
5.0,8,1999,A. Rafanelli,C
5.0,9,1999,A. Rafanelli,Z
5.0,10,1998,A. Rafanelli,Z
5.0,11,1991,A. Rafanelli,C
5.0,12,1999,A. Rafanelli,C
5.0,13,1999,A. Rafanelli,C
5.0,14,1998,A. Rafanelli,C
,,,,
5.0,15,2008,A. Rafanelli Terrace Select,C
5.0,16,2008,A. Rafanelli Terrace Select,C
5.0,17,2010,A. Rafanelli Terrace Select,C
5.0,18,2009,A. Rafanelli Terrace Select,C
5.0,19,2009,A. Rafanelli Terrace Select,C
5.0,20,2009,A. Rafanelli Terrace Select,C
5.0,21,2010,A. Rafanelli Terrace Select,C
5.0,22,2010,A. Rafanelli Terrace Select,C
5.0,23,2012,A. Rafanelli Terrace Select,C
5.0,24,2012,A. Rafanelli Terrace Select,C
5.0,25,2012,A. Rafanelli Terrace Select,C
,,,,
,,,,
,,Column 6,,
,,,,
,No,,,
6.0,1,,,
6.0,2,,,
6.0,3,2008,A. Rafanelli,Z
6.0,4,2014,A. Rafanelli,C
6.0,5,2008,A. Rafanelli,Z
6.0,6,2008,A. Rafanelli,Z
6.0,7,2008,A. Rafanelli,Z
6.0,8,2014,A. Rafanelli,C
6.0,9,2008,A. Rafanelli,Z
6.0,10,2014,A. Rafanelli,C
6.0,11,2014,A. Rafanelli,C
6.0,12,2014,A. Rafanelli,C
6.0,13,2014,A. Rafanelli,C
6.0,14,2014,A. Rafanelli,C
,,,,
6.0,15,2014,A. Rafanelli,C
6.0,16,2014,A. Rafanelli,C
6.0,17,2015,A. Rafanelli Terrace Select,C
6.0,18,2015,A. Rafanelli Terrace Select,C
6.0,19,2015,A. Rafanelli Terrace Select,C
6.0,20,2013,A. Rafanelli Terrace Select,C
6.0,21,2013,A. Rafanelli Terrace Select,C
6.0,22,2013,A. Rafanelli Terrace Select,C
6.0,23,2014,A. Rafanelli Terrace Select,C
6.0,24,2014,A. Rafanelli Terrace Select,C
6.0,25,2014,A. Rafanelli Terrace Select,C
,,,,
,,,,
,,Column 7,,
,,,,
,No,,,
7.0,1,2004,A. Rafanelli,Z
7.0,2,2004,A. Rafanelli,Z
7.0,3,2007,A. Rafanelli,C
7.0,4,2007,A. Rafanelli,C
7.0,5,2007,A. Rafanelli,C
7.0,6,2007,A. Rafanelli,C
7.0,7,2007,A. Rafanelli,C
7.0,8,2007,A. Rafanelli,C
7.0,9,2007,A. Rafanelli,C
7.0,10,2007,A. Rafanelli,C
7.0,11,2007,A. Rafanelli,C
7.0,12,2014,A. Rafanelli,C
7.0,13,2014,A. Rafanelli,C
7.0,14,2014,A. Rafanelli,C
,,,,C
7.0,15,2011,A. Rafanelli,C
7.0,16,2011,A. Rafanelli,C
7.0,17,2011,A. Rafanelli,C
7.0,18,2011,A. Rafanelli,C
7.0,19,2011,A. Rafanelli,C
7.0,20,2011,A. Rafanelli,C
7.0,21,2011,A. Rafanelli,C
7.0,22,2011,A. Rafanelli,C
7.0,23,2011,A. Rafanelli,C
7.0,24,2011,A. Rafanelli,C
7.0,25,,,
,,,,
,,,,
,,Column 8,,
,,,,
,No,,,
8.0,1,,,
8.0,2,,,
8.0,3,,,
8.0,4,,,
8.0,5,2004,A. Rafanelli,Z
8.0,6,2004,A. Rafanelli,Z
8.0,7,2004,A. Rafanelli,Z
8.0,8,2004,A. Rafanelli,Z
8.0,9,,,
8.0,10,2002,A. Rafanelli,Z
8.0,11,2002,A. Rafanelli,Z
8.0,12,2002,A. Rafanelli,Z
8.0,13,2002,Beaulieu - Georges de Latour,C
8.0,14,2002,Beaulieu - Georges de Latour,C
,,,,
8.0,15,1990,Silver Oak - Napa,C
8.0,16,1990,Silver Oak - Napa,C
8.0,17,1990,Silver Oak - Napa,C
8.0,18,,,
8.0,19,1990,Silver Oak - Napa,C
8.0,20,,,
8.0,21,1990,Silver Oak - Alexander,C
8.0,22,1990,Silver Oak - Alexander,C
8.0,23,1990,Silver Oak - Alexander,C
8.0,24,1990,Silver Oak - Alexander,C
8.0,25,1990,Silver Oak - Alexander,C
,,,,
,,,,
,,Column 9,,
,,,,
,No,,,
9.0,1,,,
9.0,2,,,
9.0,3,,,
9.0,4,,,
9.0,5,,,
9.0,6,2004,A. Rafanelli,Z
9.0,7,2004,A. Rafanelli,Z
9.0,8,2004,A. Rafanelli,Z
9.0,9,,,
9.0,10,2004,A. Rafanelli,Z
9.0,11,1997,A. Rafanelli,C
9.0,12,1997,A. Rafanelli,C
9.0,13,1997,A. Rafanelli,C
9.0,14,1997,A. Rafanelli,C
,,,,
9.0,15,1992,Silver Oak - Alexander,C
9.0,16,2011,Silver Oak - Alexander,C
9.0,17,2011,Silver Oak - Alexander,C
9.0,18,2011,Silver Oak - Alexander,C
9.0,19,1989,Silver Oak - Alexander,C
9.0,20,1988,Silver Oak - Alexander,C
9.0,21,1992,Silver Oak - Alexander,C
9.0,22,1988,Silver Oak - Alexander,C
9.0,23,1988,Silver Oak - Alexander,C
9.0,24,1990,Silver Oak - Napa,C
9.0,25,1990,Silver Oak - Napa,C
,,,,
,,,,
,,Column 10,,
,,,,
,No,,,
10.0,1,2003,A. Rafanelli,Z
10.0,2,2003,A. Rafanelli,Z
10.0,3,2003,A. Rafanelli,Z
10.0,4,2003,A. Rafanelli,Z
10.0,5,,,
10.0,6,,,
10.0,7,2008,A. Rafanelli,C
10.0,8,2008,A. Rafanelli,C
10.0,9,2008,A. Rafanelli,C
10.0,10,2011,A. Rafanelli,C
10.0,11,2010,Silver Oak - Napa,C
10.0,12,2010,Silver Oak - Napa,C
10.0,13,2010,Silver Oak - Napa,C
10.0,14,2010,Silver Oak - Napa,C
,,,,
10.0,15,1991,Silver Oak - Napa,C
10.0,16,,,
10.0,17,1991,Silver Oak - Napa,C
10.0,18,,,
10.0,19,1991,Silver Oak - Alexander,C
10.0,20,1991,Silver Oak - Alexander,C
10.0,21,1991,Silver Oak - Alexander,C
10.0,22,1991,Silver Oak - Alexander,C
10.0,23,1991,Silver Oak - Napa,C
10.0,24,1991,Silver Oak - Alexander,C
10.0,25,1991,Silver Oak - Napa,C
,,,,
,,,,
,,Column 11,,
,,,,
,No,,,
11.0,1,2003,A. Rafanelli,Z
11.0,2,2003,A. Rafanelli,Z
11.0,3,2003,A. Rafanelli,Z
11.0,4,2005,A. Rafanelli,Z
11.0,5,2005,A. Rafanelli,Z
11.0,6,2005,A. Rafanelli,Z
11.0,7,2005,A. Rafanelli,Z
11.0,8,2005,A. Rafanelli,Z
11.0,9,2005,A. Rafanelli,Z
11.0,10,2005,A. Rafanelli,Z
11.0,11,2005,A. Rafanelli,Z
11.0,12,2005,A. Rafanelli,Z
11.0,13,,,
11.0,14,,,
,,,,
11.0,15,1987,Silver Oak - Alexander,C
11.0,16,1989,Silver Oak - Napa,C
11.0,17,1989,Silver Oak - Napa,C
11.0,18,1987,Silver Oak - Napa,C
11.0,19,1987,Silver Oak - Alexander,C
11.0,20,1987,Silver Oak - Alexander,C
11.0,21,1987,Silver Oak - Alexander,C
11.0,22,1987,Silver Oak - Napa,C
11.0,23,1986,Silver Oak - Alexander,C
11.0,24,1986,Silver Oak - Alexander,C
11.0,25,1985,Silver Oak - Alexander,C
,,,,
,,,,
,,Column 12,,
,,,,
,No,,,
12.0,1,,,
12.0,2,,,
12.0,3,,,
12.0,4,,,
12.0,5,,,
12.0,6,2015,A. Rafanelli,C
12.0,7,2015,A. Rafanelli,C
12.0,8,2016,A. Rafanelli,Z
12.0,9,2015,A. Rafanelli,C
12.0,10,2015,A. Rafanelli,C
12.0,11,2015,A. Rafanelli,C
12.0,12,2016,A. Rafanelli,Z
12.0,13,2016,A. Rafanelli,Z
12.0,14,2015,A. Rafanelli,C
,,,,
12.0,15,2004,A. Rafanelli,C
12.0,16,2004,A. Rafanelli,C
12.0,17,2004,A. Rafanelli,C
12.0,18,2004,A. Rafanelli,C
12.0,19,2004,A. Rafanelli,C
12.0,20,2004,A. Rafanelli,C
12.0,21,2004,A. Rafanelli,C
12.0,22,2004,A. Rafanelli,C
12.0,23,2004,A. Rafanelli,C
12.0,24,,,
12.0,25,,,
,,,,
,,,,
,,Column 13,,
,,,,
,No,,,
13.0,1,2009,A. Rafanelli,C
13.0,2,2009,A. Rafanelli,C
13.0,3,2009,A. Rafanelli,C
13.0,4,2009,A. Rafanelli,C
13.0,5,,,
13.0,6,,,
13.0,7,,,
13.0,8,2009,A. Rafanelli,C
13.0,9,,,
13.0,10,2009,Caymus Napa,C
13.0,11,2009,Caymus Napa,C
13.0,12,1987,Caymus Napa,C
13.0,13,1990,Caymus Napa,C
13.0,14,1992,Caymus Napa,C
,,,,
13.0,15,2014,Caymus Napa Special Selection,C
13.0,16,2014,Caymus Napa Special Selection,C
13.0,17,2014,Caymus Napa Special Selection,C
13.0,18,2014,Caymus Napa Special Selection,C
13.0,19,2011,A. Rafanelli,Z
13.0,20,2011,A. Rafanelli,Z
13.0,21,2011,A. Rafanelli,Z
13.0,22,2011,A. Rafanelli,Z
13.0,23,2011,A. Rafanelli,Z
13.0,24,2011,A. Rafanelli,Z
13.0,25,2011,A. Rafanelli,Z
,,,,
,,,,
,,Column 14,,
,,,,
,No,,,
14.0,1,,,
14.0,2,,,
14.0,3,2016,Chatelet - Saint Emilion,B
14.0,4,2016,Chatelet - Saint Emilion,B
14.0,5,2016,Chatelet - Saint Emilion,B
14.0,6,2016,Chatelet - Saint Emilion,B
14.0,7,2016,Chatelet - Saint Emilion,B
14.0,8,2016,Chatelet - Saint Emilion,B
14.0,9,2016,Chatelet - Saint Emilion,B
14.0,10,2016,Chatelet - Saint Emilion,B
14.0,11,2015,Chatelet - Saint Emilion,B
14.0,12,2015,Chatelet - Saint Emilion,B
14.0,13,2015,Chatelet - Saint Emilion,B
14.0,14,2015,Chatelet - Saint Emilion,B
,,,,
14.0,15,2015,Chatelet - Saint Emilion,B
14.0,16,2015,Chatelet - Saint Emilion,B
14.0,17,2015,Chatelet - Saint Emilion,B
14.0,18,2015,Chatelet - Saint Emilion,B
14.0,19,2015,Caymus Napa,C
14.0,20,2012,Caymus Napa,C
14.0,21,2012,Caymus Napa,C
14.0,22,2012,Caymus Napa,C
14.0,23,2012,Caymus Napa,C
14.0,24,2012,Caymus Napa,C
14.0,25,2012,Caymus Napa,C
,,,,
,,,,
,,Column 15,,
,,,,
,No,,,
15.0,1,,,
15.0,2,,,
15.0,3,,,
15.0,4,,,
15.0,5,,,
15.0,6,2014,Chatelet - Saint Emilion,B
15.0,7,2014,Chatelet - Saint Emilion,B
15.0,8,2014,Chatelet - Saint Emilion,B
15.0,9,2014,Chatelet - Saint Emilion,B
15.0,10,2014,Chatelet - Saint Emilion,B
15.0,11,2014,Chatelet - Saint Emilion,B
15.0,12,2014,Chatelet - Saint Emilion,B
15.0,13,2014,Chatelet - Saint Emilion,B
15.0,14,2015,Chatelet - Saint Emilion,B
,,,,
15.0,15,2015,Chatelet - Saint Emilion,B
15.0,16,2015,Chatelet - Saint Emilion,B
15.0,17,2015,Chatelet - Saint Emilion,B
15.0,18,2015,Chatelet - Saint Emilion,B
15.0,19,2015,Chatelet - Saint Emilion,B
15.0,20,2015,Chatelet - Saint Emilion,B
15.0,21,2015,Chatelet - Saint Emilion,B
15.0,22,2015,Chatelet - Saint Emilion,B
15.0,23,2015,Chatelet - Saint Emilion,B
15.0,24,2015,Chatelet - Saint Emilion,B
15.0,25,2015,Chatelet - Saint Emilion,B
,,,,
,,,,
,,Column 16,,
,,,,
,No,,,
16.0,1,,,
16.0,2,,,
16.0,3,,,
16.0,4,1998,A. Rafanelli,C
16.0,5,1998,A. Rafanelli,Z
16.0,6,1998,A. Rafanelli,Z
16.0,7,1998,A. Rafanelli,Z
16.0,8,1998,A. Rafanelli,Z
16.0,9,1998,A. Rafanelli,Z
16.0,10,,,
16.0,11,1998,A. Rafanelli,Z
16.0,12,1995,Leonetti - Columbia Valley ,M
16.0,13,1994,Leonetti - Columbia Valley ,C
16.0,14,1992,Leonetti - Walla Walla Select,BL
,,,,
16.0,15,1994,Leonetti,M
16.0,16,1991,Leonetti,C
16.0,17,1991,Leonetti,C
16.0,18,1991,Leonetti,C
16.0,19,1995,Leonetti - Columbia Valley ,M
16.0,20,1995,Leonetti - Columbia Valley ,M
16.0,21,1994,Leonetti - Columbia Valley ,C
16.0,22,1993,Leonetti - Columbia Valley ,C
16.0,23,1994,Leonetti,M
16.0,24,1993,Leonetti,M
16.0,25,1993,Leonetti - Columbia Valley ,C
,,,,
,,,,
,,Column 17,,
,,,,
,No,,,
17.0,1,,,
17.0,2,,,
17.0,3,,,
17.0,4,,,
17.0,5,,,
17.0,6,2003,A. Rafanelli,Z
17.0,7,2003,A. Rafanelli,Z
17.0,8,2003,A. Rafanelli,Z
17.0,9,2003,A. Rafanelli,Z
17.0,10,,,
17.0,11,,,
17.0,12,2018,A. Rafanelli,Z
17.0,13,2018,A. Rafanelli,Z
17.0,14,2018,A. Rafanelli,Z
,,,,
17.0,15,2017,A. Rafanelli,C
17.0,16,2017,A. Rafanelli,C
17.0,17,2017,A. Rafanelli,C
17.0,18,2017,A. Rafanelli,C
17.0,19,2017,A. Rafanelli,C
17.0,20,2017,A. Rafanelli,C
17.0,21,2017,A. Rafanelli,C
17.0,22,2017,A. Rafanelli,C
17.0,23,2017,A. Rafanelli,C
17.0,24,,,
17.0,25,,,
,,,,
,,,,
,,Column 18,,
,,,,
,No,,,
18.0,1,,,
18.0,2,2005,A. Rafanelli,Z
18.0,3,2005,A. Rafanelli,Z
18.0,4,2005,A. Rafanelli,Z
18.0,5,2005,A. Rafanelli,Z
18.0,6,2017,A. Rafanelli,Z
18.0,7,2017,A. Rafanelli,Z
18.0,8,2017,A. Rafanelli,Z
18.0,9,2017,A. Rafanelli,Z
18.0,10,2017,A. Rafanelli,Z
18.0,11,2017,A. Rafanelli,Z
18.0,12,2017,A. Rafanelli,Z
18.0,13,2017,A. Rafanelli,Z
18.0,14,2017,A. Rafanelli,Z
,,,,
18.0,15,1986,Lynch Bages - Pauillac,B
18.0,16,1986,Lynch Bages - Pauillac,B
18.0,17,1986,Lynch Bages - Pauillac,B
18.0,18,1985,Lynch Bages - Pauillac,B
18.0,19,,,
18.0,20,1989,Lynch Bages - Pauillac,B
18.0,21,,,
18.0,22,,,
18.0,23,,,
18.0,24,,,
18.0,25,,,
,,,,
,,,,
,,Column 19,,
,,,,
,No,,,
19.0,1,,,
19.0,2,1989,Lacoste-Borie - Pauillac,B
19.0,3,1989,Lacoste-Borie - Pauillac,B
19.0,4,1989,Lacoste-Borie - Pauillac,B
19.0,5,1989,Lacoste-Borie - Pauillac,B
19.0,6,1989,Lacoste-Borie - Pauillac,B
19.0,7,1989,Lacoste-Borie - Pauillac,B
19.0,8,1989,Lacoste-Borie - Pauillac,B
19.0,9,1989,Lacoste-Borie - Pauillac,B
19.0,10,,,
19.0,11,,,
19.0,12,,,
19.0,13,,,
19.0,14,1989,Baron de Pichon - Longueville - Pauillac,B
,,,,
19.0,15,1989,Baron de Pichon - Longueville - Pauillac,B
19.0,16,1989,Baron de Pichon - Longueville - Pauillac,B
19.0,17,1989,Baron de Pichon - Longueville - Pauillac,B
19.0,18,1990,Baron de Pichon - Longueville - Pauillac,B
19.0,19,,,
19.0,20,,,
19.0,21,,,
19.0,22,,,
19.0,23,,,
19.0,24,,,
19.0,25,,,
,,,,
,,,,
,,Column 20,,
,,,,
,No,,,
20.0,1,,,
20.0,2,,,
20.0,3,2015,A. Rafanelli,Z
20.0,4,2015,A. Rafanelli,Z
20.0,5,2015,A. Rafanelli,Z
20.0,6,2015,A. Rafanelli,Z
20.0,7,2015,A. Rafanelli,Z
20.0,8,2015,A. Rafanelli,Z
20.0,9,2015,A. Rafanelli,Z
20.0,10,2015,A. Rafanelli,Z
20.0,11,2015,A. Rafanelli,Z
20.0,12,2006,A. Rafanelli,Z
20.0,13,2006,A. Rafanelli,Z
20.0,14,,,
,,,,
20.0,15,1988,Baron de Pichon - Longueville - Pauillac,B
20.0,16,,,
20.0,17,,,
20.0,18,,,
20.0,19,,,
20.0,20,,,
20.0,21,2001,Troplong Mondot - Saint Emilion,B
20.0,22,2001,Troplong Mondot - Saint Emilion,B
20.0,23,2001,Troplong Mondot - Saint Emilion,B
20.0,24,2001,Troplong Mondot - Saint Emilion,B
20.0,25,2001,Troplong Mondot - Saint Emilion,B
,,,,
,,,,
,,Column 21,,
,,,,
,No,,,
21.0,1,,,
21.0,2,,,
21.0,3,2016,A. Rafanelli,C
21.0,4,2016,A. Rafanelli,C
21.0,5,2016,A. Rafanelli,C
21.0,6,2016,A. Rafanelli,C
21.0,7,2016,A. Rafanelli,C
21.0,8,2016,A. Rafanelli,C
21.0,9,2016,A. Rafanelli,C
21.0,10,2016,A. Rafanelli,C
21.0,11,2016,A. Rafanelli,C
21.0,12,2016,A. Rafanelli,C
21.0,13,2016,A. Rafanelli,C
21.0,14,2016,A. Rafanelli,C
,,,,
21.0,15,1989,Haut-Marbuzet - Saint Estephe,B
21.0,16,1989,Haut-Marbuzet - Saint Estephe,B
21.0,17,1989,Haut-Marbuzet - Saint Estephe,B
21.0,18,1989,Haut-Marbuzet - Saint Estephe,B
21.0,19,1989,Haut-Marbuzet - Saint Estephe,B
21.0,20,1989,Haut-Marbuzet - Saint Estephe,B
21.0,21,1989,Haut-Marbuzet - Saint Estephe,B
21.0,22,1988,Prieure-Lichine - Margaux,B
21.0,23,1988,Prieure-Lichine - Margaux,B
21.0,24,1988,Prieure-Lichine - Margaux,B
21.0,25,1988,Prieure-Lichine - Margaux,B
,,,,
,,,,
,,Column 22,,
,,,,
,No,,,
22.0,1,,,
22.0,2,1995,Clos du Marquis - Saint Julien,B
22.0,3,1995,Clos du Marquis - Saint Julien,B
22.0,4,1995,Clos du Marquis - Saint Julien,B
22.0,5,1995,Clos du Marquis - Saint Julien,B
22.0,6,1995,Clos du Marquis - Saint Julien,B
22.0,7,1995,Clos du Marquis - Saint Julien,B
22.0,8,1995,Clos du Marquis - Saint Julien,B
22.0,9,1995,Clos du Marquis - Saint Julien,B
22.0,10,,,
22.0,11,1988,Haut-Bages Liberal - Pauillac,B
22.0,12,1988,Haut-Bages Liberal - Pauillac,B
22.0,13,1988,Haut-Bages Liberal - Pauillac,B
22.0,14,1994,Marquis de Las Cases Leoville - Saint Julien,B
,,,,
22.0,15,1994,Marquis de Las Cases Leoville - Saint Julien,B
22.0,16,1990,Leoville Poyferre - Saint Julien,B
22.0,17,1990,Leoville Poyferre - Saint Julien,B
22.0,18,1990,Leoville Poyferre - Saint Julien,B
22.0,19,1990,Baron de Pichon Longueville - Pauillac,B
22.0,20,1990,Baron de Pichon Longueville - Pauillac,B
22.0,21,1990,Baron de Pichon Longueville - Pauillac,B
22.0,22,1990,Baron de Pichon Longueville - Pauillac,B
22.0,23,1988,Baron de Pichon Longueville - Pauillac,B
22.0,24,1988,Baron de Pichon Longueville - Pauillac,B
22.0,25,1988,Baron de Pichon Longueville - Pauillac,B
,,,,
,,,,
,,Column 23,,
,,,,
,No,,,
23.0,1,,,
23.0,2,,,
23.0,3,2015,Ken Wright - Freedom Hill,Pinot Noir
23.0,4,2015,Ken Wright - Freedom Hill,Pinot Noir
23.0,5,2015,Ken Wright - Freedom Hill,Pinot Noir
23.0,6,2015,Ken Wright - Freedom Hill (signed),Pinot Noir
23.0,7,2014,Ken Wright - Latchkey,Pinot Noir
23.0,8,2014,Ken Wright - Latchkey,Pinot Noir
23.0,9,2014,Ken Wright - Latchkey,Pinot Noir
23.0,10,2014,Ken Wright - Latchkey (signed),Pinot Noir
23.0,11,2015,Ken Wright - McCrone,Pinot Noir
23.0,12,2015,Ken Wright - McCrone,Pinot Noir
23.0,13,2015,Ken Wright - McCrone,Pinot Noir
23.0,14,2015,Ken Wright - McCrone (signed),Pinot Noir
,,,,
23.0,15,1999,Angelus - Saint Emilion Grand Cru,B
23.0,16,1999,Angelus - Saint Emilion Grand Cru,B
23.0,17,1999,Angelus - Saint Emilion Grand Cru,B
23.0,18,1986,Angelus - Saint Emilion Grand Cru,B
23.0,19,2006,Angelus - Saint Emilion Premier Grand Cru,B
23.0,20,1988,Poujeaux - Moulis en Medoc,B
23.0,21,1988,Poujeaux - Moulis en Medoc,B
23.0,22,1988,Poujeaux - Moulis en Medoc,B
23.0,23,1988,Poujeaux - Moulis en Medoc,B
23.0,24,,,
23.0,25,1990,Baron de Pichon Longueville - Pauillac,B
,,,,
,,,,
,,Column 24,,
,,,,
,No,,,
24.0,1,,,
24.0,2,2010,A. Rafanelli,C
24.0,3,2010,A. Rafanelli,C
24.0,4,2010,A. Rafanelli,C
24.0,5,2010,A. Rafanelli,C
24.0,6,2010,A. Rafanelli,C
24.0,7,2010,A. Rafanelli,C
24.0,8,2010,A. Rafanelli,C
24.0,9,,,
24.0,10,,,
24.0,11,,,
24.0,12,,,
24.0,13,2010,A. Rafanelli,C
24.0,14,,,
,,,,
24.0,15,2000,Reserve de la Comtesse - Pauillac,B
24.0,16,2000,Reserve de la Comtesse - Pauillac,B
24.0,17,2000,Reserve de la Comtesse - Pauillac,B
24.0,18,2000,Reserve de la Comtesse - Pauillac,B
24.0,19,2000,Reserve de la Comtesse - Pauillac,B
24.0,20,2000,Reserve de la Comtesse - Pauillac,B
24.0,21,2000,Reserve de la Comtesse - Pauillac,B
24.0,22,2000,Reserve de la Comtesse - Pauillac,B
24.0,23,2000,Reserve de la Comtesse - Pauillac,B
24.0,24,,,
24.0,25,,,
,,,,
,,,,
,,Column 25,,
,,,,
,No,,,
25.0,1,,,
25.0,2,,,
25.0,3,,,
25.0,4,1995,Pavillon Rouge du Margaux,B
25.0,5,1995,Pavillon Rouge du Margaux,B
25.0,6,1995,Pavillon Rouge du Margaux,B
25.0,7,1995,Pavillon Rouge du Margaux,B
25.0,8,1995,Pavillon Rouge du Margaux,B
25.0,9,1995,Pavillon Rouge du Margaux,B
25.0,10,1995,Pavillon Rouge du Margaux,B
25.0,11,1995,Pavillon Rouge du Margaux,B
25.0,12,1995,Pavillon Rouge du Margaux,B
25.0,13,1988,L'Angelus - Saint Emilion,B
25.0,14,1988,L'Angelus - Saint Emilion,B
,,,,
25.0,15,1994,Pichon Longueville Comtesse de Lalande - Pauillac,B
25.0,16,1994,Pichon Longueville Comtesse de Lalande - Pauillac,B
25.0,17,1994,Pichon Longueville Comtesse de Lalande - Pauillac,B
25.0,18,,,
25.0,19,,,
25.0,20,1986,Poujeaux Moulis en Medoc ,B
25.0,21,1986,Poujeaux Moulis en Medoc ,B
25.0,22,1986,Poujeaux Moulis en Medoc ,B
25.0,23,1986,Poujeaux Moulis en Medoc ,B
25.0,24,1988,Leoville Barton Saint Julien,B
25.0,25,1988,Leoville Barton Saint Julien,B
,,,,
,,,,
,,Column 26,,
,,,,
,No,,,
26.0,1,,,
26.0,2,,,
26.0,3,,,
26.0,4,,,
26.0,5,,,
26.0,6,1995,Les Fort du Latour - Pauillac,B
26.0,7,1995,Les Fort du Latour - Pauillac,B
26.0,8,1995,Les Fort du Latour - Pauillac,B
26.0,9,1995,Les Fort du Latour - Pauillac,B
26.0,10,1995,Les Fort du Latour - Pauillac,B
26.0,11,1995,Les Fort du Latour - Pauillac,B
26.0,12,1995,Les Fort du Latour - Pauillac,B
26.0,13,1995,Les Fort du Latour - Pauillac,B
26.0,14,1995,Les Fort du Latour - Pauillac,B
,,,,
26.0,15,1983,Cheval Blanc - Saint Emilion,B
26.0,16,1983,Cheval Blanc - Saint Emilion,B
26.0,17,1983,Cheval Blanc - Saint Emilion,B
26.0,18,1983,Cheval Blanc - Saint Emilion,B
26.0,19,1983,Cheval Blanc - Saint Emilion,B
26.0,20,,,
26.0,21,1989,Cantemerle - Haut-Medoc,B
26.0,22,1989,Cantemerle - Haut-Medoc,B
26.0,23,1989,Cantemerle - Haut-Medoc,B
26.0,24,,,
26.0,25,,,
,,,,
,,,,
,,Column 27,,
,,,,
,No,,,
27.0,1,,,
27.0,2,,,
27.0,3,1989,Les Tourelles de Longueville - Pauillac-Medoc,B
27.0,4,1989,Les Tourelles de Longueville - Pauillac-Medoc,B
27.0,5,1989,Les Tourelles de Longueville - Pauillac-Medoc,B
27.0,6,1989,Les Tourelles de Longueville - Pauillac-Medoc,B
27.0,7,,,
27.0,8,,,
27.0,9,1989,Les Tourelles de Longueville - Pauillac-Medoc,B
27.0,10,,,
27.0,11,1988,La Lagune - Haut-Medoc,B
27.0,12,1988,La Lagune - Haut-Medoc,B
27.0,13,1994,Troplong Mondot - Saint Emilion,B
27.0,14,,,
,,,,
27.0,15,2002,Mouton Rothschild - Pauillac,B
27.0,16,2002,Mouton Rothschild - Pauillac,B
27.0,17,2002,Mouton Rothschild - Pauillac,B
27.0,18,1988,La Lagune - Haut-Medoc,B
27.0,19,1988,La Lagune - Haut-Medoc,B
27.0,20,,,
27.0,21,,,
27.0,22,1987,Chimney Rock - Napa,C
27.0,23,1987,Chimney Rock - Napa,C
27.0,24,1986,St. Jean - Alexander Valley,C
27.0,25,,,
,,,,
,,,,
,,Column 28,,
,,,,
,No,,,
28.0,1,,,
28.0,2,,,
28.0,3,,,
28.0,4,,,
28.0,5,,,
28.0,6,2003,A. Rafanelli,C
28.0,7,2003,A. Rafanelli,C
28.0,8,2003,A. Rafanelli,C
28.0,9,,,
28.0,10,,,
28.0,11,1989,Sociando Mallet - Haut-Médoc,B
28.0,12,1989,Sociando Mallet - Haut-Médoc,B
28.0,13,1989,Sociando Mallet - Haut-Médoc,B
28.0,14,1989,Sociando Mallet - Haut-Médoc,B
,,,,
28.0,15,,,
28.0,16,,,
28.0,17,,,
28.0,18,2012,Sénéjac - Haut-Médoc,B
28.0,19,2012,Sénéjac - Haut-Médoc,B
28.0,20,2012,Sénéjac - Haut-Médoc,B
28.0,21,1992,Caymus - Napa,C
28.0,22,,,
28.0,23,,,
28.0,24,1998,Freemark Abbey Bosché - Napa,C
28.0,25,,,
,,,,
,,,,
,,Column 29,,
,,,,
,No,,,
29.0,1,,,
29.0,2,2006,A. Rafanelli,C
29.0,3,2006,A. Rafanelli,C
29.0,4,2006,A. Rafanelli,C
29.0,5,,,
29.0,6,,,
29.0,7,,,
29.0,8,,,
29.0,9,,,
29.0,10,,,
29.0,11,,,
29.0,12,,,
29.0,13,,,
29.0,14,,,
,,,,
29.0,15,,,
29.0,16,1996,Kendall-Jackson Grand Reserve - Napa,C
29.0,17,1990,Lytton Springs - Sonoma,Z
29.0,18,1986,Chateau Gloria - Saint Julien,B
29.0,19,1986,Sterling Three Palms - Napa,C
29.0,20,1987,Whitehall Lane - Napa,C
29.0,21,1993,Ravenswood Pickberry - Sonoma,BL
29.0,22,1986,Arrowood - Sonoma,C
29.0,23,2007,Hess Mt. Veeder - Napa,C
29.0,24,1983,Joseph Phelps - Napa,C BL
29.0,25,1986,Whitehall Lane - Napa,C
,,,,
,,,,
,,Column 30,,
,,,,
,No,,,
30.0,1,2003,A. Rafanelli,C
30.0,2,2003,A. Rafanelli,C
30.0,3,2003,A. Rafanelli,C
30.0,4,2003,A. Rafanelli,C
30.0,5,,,
30.0,6,,,
30.0,7,,,
30.0,8,,,
30.0,9,,,
30.0,10,,,
30.0,11,,,
30.0,12,,,
30.0,13,,,
30.0,14,,,
,,,,
30.0,15,,,
30.0,16,1987,Carmenet - Sonoma,C BL
30.0,17,1990,B.R. Cohn Olive Hill - Sonoma,C
30.0,18,1987,B.R. Cohn Olive Hill - Sonoma,C
30.0,19,1989,Arrowood - Sonoma,M
30.0,20,1985,Monticello Corley Reserve - Napa,C
30.0,21,1990,Groth - Napa,C
30.0,22,1990,Groth - Napa,C
30.0,23,1991,Groth - Napa,C
30.0,24,1987,Whitehall Lane Reserve - Napa,C
30.0,25,1987,Whitehall Lane Reserve - Napa,C
,,,,
,,,,
,,Column 31,,
,,,,
,No,,,
31.0,1,2010,A. Rafanelli,Z
31.0,2,2010,A. Rafanelli,Z
31.0,3,2010,A. Rafanelli,Z
31.0,4,2010,A. Rafanelli,Z
31.0,5,2006,A. Rafanelli,C
31.0,6,,,
31.0,7,,,
31.0,8,,,
31.0,9,,,
31.0,10,,,
31.0,11,,,
31.0,12,,,
31.0,13,,,
31.0,14,,,
,,,,
31.0,15,,,
31.0,16,1987,Benziger of Glen Allen,C
31.0,17,1991,Ridge Pagani Ranch,Z BL
31.0,18,1984,Ridge Howell Mountain,Z BL
31.0,19,1987,Corison - Napa,C
31.0,20,1987,Corison - Napa,C
31.0,21,1987,Optima - Sonoma,C
31.0,22,1986,Beaulieu Georges de Latour Private Reserve,C
31.0,23,2001,Mount Veeder - Napa Reserve,BL
31.0,24,1985,Inglenook - Napa Reunion,C
31.0,25,1985,Inglenook - Napa Reunion,C
,,,,
,,,,
,,Column 32,,
,,,,
,No,,,
32.0,1,,,
32.0,2,,,
32.0,3,,,
32.0,4,2010,A. Rafanelli,Z
32.0,5,2010,A. Rafanelli,Z
32.0,6,,,
32.0,7,,,
32.0,8,,,
32.0,9,,,
32.0,10,,,
32.0,11,,,
32.0,12,,,
32.0,13,,,
32.0,14,,,
,,,,
32.0,15,,,
32.0,16,2000,Montelena - Napa,Z
32.0,17,1990,Anderson's Conn Valley Estate Reserve - Napa,C
32.0,18,1987,Hess Collection - Napa,C
32.0,19,1990,Calera Mills Mt. Harlan,Pinot Noir
32.0,20,1987,Mount Eden Santa Cruz Mtns,C BL
32.0,21,1990,Ridge Jimsomare,C
32.0,22,1990,Dehlinger Sonoma County Selection,Pinot Noir
32.0,23,1985,Mondavi Napa Reserve,C
32.0,24,1982,Mondavi Napa Reserve,C
32.0,25,1984,Insignia Joseph Phelps - Napa,BL
,,,,
,,,,
,,Column 33,,
,,,,
,No,,,
33.0,1,2015,Josh North Coast Reserve,C
33.0,2,2015,Josh North Coast Reserve,C
33.0,3,2015,Sequoia Grove - Napa,C
33.0,4,2015,Sequoia Grove - Napa,C
33.0,5,2015,Sequoia Grove - Napa,C
33.0,6,,,
33.0,7,,,
33.0,8,,,
33.0,9,,,
33.0,10,,,
33.0,11,,,
33.0,12,,,
33.0,13,,,
33.0,14,,,
,,,,
33.0,15,,,
33.0,16,1987,Markham - Napa,C
33.0,17,2004,Staagecoach Levendi,C
33.0,18,2008,James Joseph Howell Mtn Reserve,C
33.0,19,2012,Stag's Leap Artemis - Napa,C
33.0,20,2014,Cambria Pommard Clone 4 ,Pinot Noir
33.0,21,1984,Beaulieu Georges de Latour Private Reserve,C
33.0,22,1984,Kenwood - Sonoma,C
33.0,23,1986,Joseph Phelps - Napa,C
33.0,24,1985,Shafer Hillside Select - Stag's Leap Napa,C
33.0,25,1985,Shafer Hillside Select - Stag's Leap Napa,C
,,,,
,,,,
,,Column 34,,
,,,,
,No,,,
34.0,1,2015,Beringer Knights Valley,C
34.0,2,2015,Beringer Knights Valley,C
34.0,3,2015,Beringer Knights Valley,C
34.0,4,,,
34.0,5,2015,Raymond Reserve - Napa,C
34.0,6,,,
34.0,7,,,
34.0,8,,,
34.0,9,,,
34.0,10,,,
34.0,11,,,
34.0,12,,,
34.0,13,,,
34.0,14,,,
,,,,
34.0,15,,,
34.0,16,2014,Les Grandes Marnes Renaissance - Sancerre,Sauv B (WB?)
34.0,17,2014,Les Grandes Marnes Renaissance - Sancerre,Sauv B (WB?)
34.0,18,2014,Les Grandes Marnes Renaissance - Sancerre,Sauv B (WB?)
34.0,19,1992,Matanzas Creek - Sonoma,M
34.0,20,1997,Kenwood Jack London,C
34.0,21,1987,St. Jean - Alexander Valley,C
34.0,22,2002,Cardinale - Napa,C
34.0,23,1998,Kistler Carneros,Chard
34.0,24,2003,Long Vineyards - Napa,Chard
34.0,25,1995,Mount Veeder - Napa,C
,,,,
,,,,
,,Column 35,,
,,,,
,No,,,
35.0,1,2013,Ferari-Carano Tresor,C BL
35.0,2,2013,Ferari-Carano Tresor,C BL
35.0,3,2015,Raymond Reserve - Napa,C
35.0,4,2015,Raymond Reserve - Napa,C
35.0,5,2015,Raymond Reserve - Napa,C
35.0,6,2009,Honig - Napa,C
35.0,7,2011,Honig - Napa,C
35.0,8,2011,Honig - Napa,C
35.0,9,2016,Charles Krug - Napa,C
35.0,10,2016,Charles Krug - Napa,C
35.0,11,2016,Charles Krug - Napa,C
35.0,12,2010,St. Clement - Napa,C
35.0,13,2008,Chappellet - Napa,C
35.0,14,,,
,,,,
35.0,15,2011,A. Rafanelli,Z
35.0,16,,,
35.0,17,,,
35.0,18,,,
35.0,19,2011,A. Rafanelli,Z
35.0,20,2011,A. Rafanelli,Z
35.0,21,2011,A. Rafanelli,Z
35.0,22,2011,A. Rafanelli,Z
35.0,23,2011,A. Rafanelli,Z
35.0,24,2011,A. Rafanelli,Z
35.0,25,2011,A. Rafanelli,Z
,,,,
,,,,
,,Column 36,,
,,,,
,No,,,
36.0,1,2016,Adobe Road - Redline,C BL
36.0,2,2016,Adobe Road - Redline,C BL
36.0,3,2016,Adobe Road - Redline,C BL
36.0,4,2015,Martini - Alexander Valley,C
36.0,5,2015,Martini - Alexander Valley,C
36.0,6,2008,Mondavi - Napa,C
36.0,7,2008,Martini - Napa,C
36.0,8,2007,Chimney Rock - Stag's Leap ,C
36.0,9,2016,Faust - Napa,C
36.0,10,2016,Faust - Napa,C
36.0,11,2016,Faust - Napa,C
36.0,12,2012,Beringer Reserve - Knights Valley,C
36.0,13,2012,Beringer Reserve - Knights Valley,C
36.0,14,2012,Beringer Reserve - Knights Valley,C
,,,,
36.0,15,2017,Reynolds Persistence - Napa,BL
36.0,16,2007,Reynolds Persistence - Napa,BL
36.0,17,,,
36.0,18,,,
36.0,19,,,
36.0,20,,,
36.0,21,,,
36.0,22,,,
36.0,23,,,
36.0,24,,,
36.0,25,,,
,,,,
,,,,
,,Column 37,,
,,,,
,No,,,
37.0,1,,,
37.0,2,,,
37.0,3,,,
37.0,4,2008,Ramey Claret - Napa,C BL
37.0,5,2016,Frei Brothers - Alexander Valley,C
37.0,6,2016,Frei Brothers - Alexander Valley,C
37.0,7,2016,Frei Brothers - Alexander Valley,C
37.0,8,2016,Hess Allomi - Napa,C
37.0,9,2016,Hess Allomi - Napa,C
37.0,10,2016,Hess Allomi - Napa,C
37.0,11,1992,Steltzner Late Harvest - Oak Knoll Ranch Napa,Sauv B
37.0,12,1992,Steltzner Late Harvest - Oak Knoll Ranch Napa,Sauv B
37.0,13,1989,Steltzner Late Harvest - Oak Knoll Ranch Napa,Sauv B
37.0,14,1990,Alsace Grand Cru - Muenchberg ,Riesling
,,,,
37.0,15,1988,La Tour Blanche - Sauternes,B
37.0,16,1988,La Tour Blanche - Sauternes,B
37.0,17,,,
37.0,18,1988,La Tour Blanche - Sauternes,B
37.0,19,1988,La Tour Blanche - Sauternes,B
37.0,20,1988,La Tour Blanche - Sauternes,B
37.0,21,1988,La Tour Blanche - Sauternes,B
37.0,22,1986,Rabaud-Promis - Sauternes,B
37.0,23,1986,Rabaud-Promis - Sauternes,B
37.0,24,1986,Sigalas Rabaud - Sauternes,B
37.0,25,1986,Sigalas Rabaud - Sauternes,B
,,,,
,,,,
,,Column 38,,
,,,,
,No,,,
38.0,1,,,
38.0,2,,,
38.0,3,,,
38.0,4,1992,Steltzner Late Harvest - Oak Knoll Ranch Napa,Sauv B
38.0,5,1992,Steltzner Late Harvest - Oak Knoll Ranch Napa,Sauv B
38.0,6,1992,Steltzner Late Harvest - Oak Knoll Ranch Napa,Sauv B
38.0,7,1992,Steltzner Late Harvest - Oak Knoll Ranch Napa,Sauv B
38.0,8,1989,Steltzner Late Harvest - Oak Knoll Ranch Napa,Sauv B
38.0,9,1989,Steltzner Late Harvest - Oak Knoll Ranch Napa,Sauv B
38.0,10,1992,Steltzner Late Harvest - Oak Knoll Ranch Napa,Sauv B
38.0,11,,,
38.0,12,1989,Scheurebe - Weingut Lingenfelder,Scheurebe
38.0,13,1990,Scheurebe - Weingut Lingenfelder,Scheurebe
38.0,14,1991,Scheurebe - Weingut Lingenfelder,Scheurebe
,,,,
38.0,15,1988,d'Yquem Lur-Saluces - Sauternes,B
38.0,16,1989,d'Yquem Lur-Saluces - Sauternes,B
38.0,17,1989,d'Yquem Lur-Saluces - Sauternes,B
38.0,18,1989,d'Yquem Lur-Saluces - Sauternes,B
38.0,19,,,
38.0,20,,,
38.0,21,,,
38.0,22,1982,d'Yquem Lur-Saluces - Sauternes,B
38.0,23,,Yalumba Museum Show Reserve,Muscat
38.0,24,,Yalumba Museum Show Reserve,Muscat
38.0,25,1990,Chapoutier De Beaumes De Venise - Rhone,Muscat
,,,,
,,,,
,,Column 39,,
,,,,
,No,,,
39.0,1,,,
39.0,2,,,
39.0,3,,,
39.0,4,2013,A. Rafanelli,Z
39.0,5,2013,A. Rafanelli,Z
39.0,6,2013,A. Rafanelli,Z
39.0,7,2013,A. Rafanelli,Z
39.0,8,,,
39.0,9,1989,Freemark Abbey Edelwein Gold,Riesling
39.0,10,1989,Freemark Abbey Edelwein Gold,Riesling
39.0,11,1998,Arrowood Preston Ranch SLH,Riesling
39.0,12,1988,St. Jean SSLH Russian River Valley,Riesling
39.0,13,1989,St. Jean SSLH Hoot Owl Creek - Alexander Vall.,Riesling
39.0,14,1988,d'Arche - Sauternes,B
,,,,
39.0,15,1990,de Fargues Lur-Saluces - Sauternes,B
39.0,16,,,
39.0,17,,,
39.0,18,1988,d'Yquem Lur-Saluces - Sauternes,B
39.0,19,1986,Guirard - Sauternes,B
39.0,20,1986,Guirard - Sauternes,B
39.0,21,1986,Guirard - Sauternes,B
39.0,22,1986,Guirard - Sauternes,B
39.0,23,,,
39.0,24,1986,Guirard - Sauternes,B
39.0,25,1988,Lafaurie-Peyraguey - Sauternes,B
,,,,
,,,,
,,Column 40,,
,,,,
,No,,,
40.0,1,,,
40.0,2,,,
40.0,3,,,
40.0,4,2013,A. Rafanelli,Z
40.0,5,2013,A. Rafanelli,Z
40.0,6,2013,A. Rafanelli,Z
40.0,7,2013,A. Rafanelli,Z
40.0,8,1988,d'Arche - Sauternes,B
40.0,9,1988,d'Arche - Sauternes,B
40.0,10,1988,d'Arche - Sauternes,B
40.0,11,1988,d'Arche - Sauternes,B
40.0,12,1988,d'Arche - Sauternes,B
40.0,13,1988,d'Arche - Sauternes,B
40.0,14,,,
,,,,
40.0,15,1988,Rieussec - Sauternes,B
40.0,16,,,
40.0,17,,,
40.0,18,1988,Rieussec - Sauternes,B
40.0,19,1988,Rieussec - Sauternes,B
40.0,20,1988,Rieussec - Sauternes (750 mL),B
40.0,21,,,
40.0,22,,,
40.0,23,,,
40.0,24,,,
40.0,25,,,
,,,,
,,,,
,,Column 41,,
,,,,
,No,,,
41.0,1,,,
41.0,2,,,
41.0,3,1986,Doisy Dubroca - Sauternes-Barsac,B
41.0,4,1986,Doisy Dubroca - Sauternes-Barsac,B
41.0,5,1986,Sigalas Rabaud - Sauternes,B
41.0,6,1986,Sigalas Rabaud - Sauternes,B
41.0,7,1988,La Tour Blanche - Sauternes,B
41.0,8,1988,La Tour Blanche - Sauternes,B
41.0,9,1988,La Tour Blanche - Sauternes,B
41.0,10,1988,La Tour Blanche - Sauternes,B
41.0,11,1988,Rieussec - Sauternes,B
41.0,12,,,
41.0,13,,,
41.0,14,,,
,,,,
41.0,15,2012,St Innocent Freedom Hill - Willamette,Pinot Noir
41.0,16,2012,St Innocent Freedom Hill - Willamette,Pinot Noir
41.0,17,2012,St Innocent Freedom Hill - Willamette,Pinot Noir
41.0,18,2012,St Innocent Freedom Hill - Willamette,Pinot Noir
41.0,19,2012,St Innocent Freedom Hill - Willamette,Pinot Noir
41.0,20,2012,St Innocent Freedom Hill - Willamette,Pinot Noir
41.0,21,,,
41.0,22,,,
41.0,23,,,
41.0,24,,,
41.0,25,,,
,,,,
,,,,
,,Column 42,,
,,,,
,No,,,
42.0,1,,,
42.0,2,,,
42.0,3,2012,A. Rafanelli,C
42.0,4,2012,A. Rafanelli,C
42.0,5,2012,A. Rafanelli,C
42.0,6,2012,A. Rafanelli,C
42.0,7,2012,A. Rafanelli,C
42.0,8,2012,A. Rafanelli,C
42.0,9,2012,A. Rafanelli,C
42.0,10,2012,A. Rafanelli,C
42.0,11,2012,A. Rafanelli,C
42.0,12,2012,A. Rafanelli,C
42.0,13,2012,A. Rafanelli,C
42.0,14,2012,A. Rafanelli,C
,,,,
42.0,15,2004,Puriri Hills Clevedon Reserve,BL
42.0,16,2004,Puriri Hills Clevedon Estate,BL
42.0,17,2004,Puriri Hills Clevedon Estate,BL
42.0,18,2013,Cambria Barbara's Clone 667 (signed),Pinot Noir
42.0,19,2013,Cambria Barbara's Clone 667 (signed),Pinot Noir
42.0,20,2014,Cambria Pommard Clone 4 (signed),Pinot Noir
42.0,21,2014,Cambria Pommard Clone 4 (signed),Pinot Noir
42.0,22,2014,Cambria Pommard Clone 4 (signed),Pinot Noir
42.0,23,2002,Puriri Hills Clevedon Reserve,BL
42.0,24,2005,Puriri Hills Clevedon Reserve,BL
42.0,25,1982,Montelena Napa,C
,,,,
,,,,
,,Column 43,,
,,,,
,No,,,
43.0,1,,,
43.0,2,,,
43.0,3,2014,A. Rafanelli,Z
43.0,4,2014,A. Rafanelli,Z
43.0,5,2014,A. Rafanelli,Z
43.0,6,2014,A. Rafanelli,Z
43.0,7,2014,A. Rafanelli,Z
43.0,8,2014,A. Rafanelli,Z
43.0,9,2014,A. Rafanelli,Z
43.0,10,2014,A. Rafanelli,Z
43.0,11,2014,A. Rafanelli,Z
43.0,12,2014,A. Rafanelli,Z
43.0,13,2014,A. Rafanelli,Z
43.0,14,2014,A. Rafanelli,Z
,,,,
43.0,15,1987,Montelena - Napa,C
43.0,16,,,
43.0,17,1987,Montelena - Napa,C
43.0,18,1987,Montelena - Napa,C
43.0,19,1997,Montelena - Napa,C
43.0,20,1987,Montelena - Napa,C
43.0,21,1999,Montelena - Napa,C
43.0,22,1987,Montelena - Napa,C
43.0,23,1987,Montelena - Napa,C
43.0,24,1984,Montelena - Napa,C
43.0,25,1984,Montelena - Napa,C
,,,,
,,,,
,,Column 44,,
,,,,
,No,,,
44.0,1,,,
44.0,2,,,
44.0,3,,,
44.0,4,,,
44.0,5,1992,Forman - Napa,C
44.0,6,1992,Forman - Napa,C
44.0,7,1990,Forman - Napa,C
44.0,8,1990,Forman - Napa,C
44.0,9,1988,Forman - Napa,C
44.0,10,1988,Montelena - Napa,C
44.0,11,1998,Montelena - Napa,C
44.0,12,,,
44.0,13,1988,Montelena - Napa,C
44.0,14,1996,Montelena - Napa,C
,,,,
44.0,15,1996,Montelena - Napa,C
44.0,16,,,
44.0,17,1996,Montelena - Napa,C
44.0,18,1996,Montelena - Napa,C
44.0,19,1996,Montelena - Napa,C
44.0,20,1996,Montelena - Napa,C
44.0,21,1985,Montelena - Napa,C
44.0,22,1986,Montelena - Napa,C
44.0,23,1986,Montelena - Napa,C
44.0,24,1983,Montelena - Napa,C
44.0,25,1982,Montelena - Napa,C
,,,,
,,,,
,,Column 45,,
,,,,
,No,,,
45.0,1,,,
45.0,2,,,
45.0,3,2005,A. Rafanelli,C
45.0,4,2005,A. Rafanelli,C
45.0,5,2005,A. Rafanelli,C
45.0,6,2005,A. Rafanelli,C
45.0,7,2005,A. Rafanelli,C
45.0,8,2005,A. Rafanelli,C
45.0,9,2005,A. Rafanelli,C
45.0,10,2005,A. Rafanelli,C
45.0,11,2002,A. Rafanelli,C
45.0,12,2002,A. Rafanelli,C
45.0,13,2015,Grand Puy-Ducasse - Pauillac,B
45.0,14,2015,Grand Puy-Ducasse - Pauillac,B
,,,,
45.0,15,2015,Grand Puy-Ducasse - Pauillac,B
45.0,16,2015,Saintayme - Saint Emilion,B
45.0,17,2015,Saintayme - Saint Emilion,B
45.0,18,2015,Saintayme - Saint Emilion,B
45.0,19,2015,Saintayme - Saint Emilion,B
45.0,20,2015,Saintayme - Saint Emilion,B
45.0,21,2015,Saintayme - Saint Emilion,B
45.0,22,2015,Larrivet Haut-Brion Pessac-Leognan,B
45.0,23,2015,Larrivet Haut-Brion Pessac-Leognan,B
45.0,24,2015,Larrivet Haut-Brion Pessac-Leognan,B
45.0,25,2015,Larrivet Haut-Brion Pessac-Leognan,B
,,,,
,,,,
,,Column 46,,
,,,,
,No,,,
46.0,1,,,
46.0,2,,,
46.0,3,2007,A. Rafanelli,Z
46.0,4,2007,A. Rafanelli,Z
46.0,5,2007,A. Rafanelli,Z
46.0,6,2007,A. Rafanelli,Z
46.0,7,2007,A. Rafanelli,Z
46.0,8,2014,Patricia Green Ribbon Ridge Estate,Pinot Noir
46.0,9,2014,Patricia Green Ribbon Ridge Estate,Pinot Noir
46.0,10,2014,Patricia Green Ribbon Ridge Estate,Pinot Noir
46.0,11,2014,Patricia Green Ribbon Ridge Estate,Pinot Noir
46.0,12,2014,Patricia Green Ribbon Ridge Estate,Pinot Noir
46.0,13,2014,Patricia Green Ribbon Ridge Estate,Pinot Noir
46.0,14,2015,Cantemerle Haut-Medoc,B
,,,,
46.0,15,2015,Cantemerle Haut-Medoc,B
46.0,16,2015,Cantemerle Haut-Medoc,B
46.0,17,2015,Cantemerle Haut-Medoc,B
46.0,18,2015,Cantemerle Haut-Medoc,B
46.0,19,2015,Cantemerle Haut-Medoc,B
46.0,20,2015,de Laussac Côtes de Bordeaux,B
46.0,21,2015,de Laussac Côtes de Bordeaux,B
46.0,22,2015,de Laussac Côtes de Bordeaux,B
46.0,23,2015,de Laussac Côtes de Bordeaux,B
46.0,24,2015,Larrivet Haut-Brion Pessac-Leognan,B
46.0,25,2015,Larrivet Haut-Brion Pessac-Leognan,B
,,,,
,,,,
,,Column 47,,
,,,,
,No,,,
47.0,1,,,
47.0,2,,,
47.0,3,,,
47.0,4,2007,A. Rafanelli,Z
47.0,5,2007,A. Rafanelli,Z
47.0,6,2007,A. Rafanelli,Z
47.0,7,2007,A. Rafanelli,Z
47.0,8,2007,A. Rafanelli,Z
47.0,9,2014,Patricia Green Reserve,Pinot Noir
47.0,10,2014,Patricia Green Reserve,Pinot Noir
47.0,11,2014,Patricia Green Reserve,Pinot Noir
47.0,12,2014,Patricia Green Reserve,Pinot Noir
47.0,13,,,
47.0,14,,,
,,,,
47.0,15,1991,Spottswoode - Napa,C
47.0,16,,,
47.0,17,1989,Spottswoode - Napa,C
47.0,18,1990,Spottswoode - Napa,C
47.0,19,1991,Spottswoode - Napa,C
47.0,20,1989,Spottswoode - Napa,C
47.0,21,1993,Spottswoode - Napa,C
47.0,22,1995,Hess Collection Mt. Veeder - Napa,C
47.0,23,1995,Hess Collection Mt. Veeder - Napa,C
47.0,24,2015,de Laussac Côtes de Bordeaux,B
47.0,25,2015,de Laussac Côtes de Bordeaux,B
,,,,
,,,,
,,Column 48,,
,,,,
,No,,,
48.0,1,,,
48.0,2,,,
48.0,3,1998,Quinault L'enclos - Saint Emilion,B
48.0,4,1998,Quinault L'enclos - Saint Emilion,B
48.0,5,1998,Quinault L'enclos - Saint Emilion,B
48.0,6,1998,Quinault L'enclos - Saint Emilion,B
48.0,7,1998,Quinault L'enclos - Saint Emilion,B
48.0,8,1998,Quinault L'enclos - Saint Emilion,B
48.0,9,1998,Quinault L'enclos - Saint Emilion,B
48.0,10,1998,Quinault L'enclos - Saint Emilion,B
48.0,11,1998,Quinault L'enclos - Saint Emilion,B
48.0,12,1998,Quinault L'enclos - Saint Emilion,B
48.0,13,,,
48.0,14,1995,Ducru-Beaucaillou - Saint Julien Medoc,B
,,,,
48.0,15,1995,Ducru-Beaucaillou - Saint Julien Medoc,B
48.0,16,1995,Ducru-Beaucaillou - Saint Julien Medoc,B
48.0,17,1995,Ducru-Beaucaillou - Saint Julien Medoc,B
48.0,18,1995,Ducru-Beaucaillou - Saint Julien Medoc,B
48.0,19,,,
48.0,20,,,
48.0,21,,,
48.0,22,,,
48.0,23,1994,Troplong Mondot - Saint Emilion,B
48.0,24,1994,Troplong Mondot - Saint Emilion,B
48.0,25,1994,Troplong Mondot - Saint Emilion,B
,,,,
,,,,
,,Column 49,,
,,,,
,No,,,
49.0,1,,,
49.0,2,,,
49.0,3,1998,Ferrand Lartigue - Saint Emilion,B
49.0,4,1998,Ferrand Lartigue - Saint Emilion,B
49.0,5,1998,Ferrand Lartigue - Saint Emilion,B
49.0,6,1998,Ferrand Lartigue - Saint Emilion,B
49.0,7,1998,Ferrand Lartigue - Saint Emilion,B
49.0,8,1998,Ferrand Lartigue - Saint Emilion,B
49.0,9,1998,Ferrand Lartigue - Saint Emilion,B
49.0,10,1998,Ferrand Lartigue - Saint Emilion,B
49.0,11,1998,Ferrand Lartigue - Saint Emilion,B
49.0,12,1998,Ferrand Lartigue - Saint Emilion,B
49.0,13,1998,Ferrand Lartigue - Saint Emilion,B
49.0,14,1986,Cos d'Estournel - Saint Estephe,B
,,,,
49.0,15,1995,Cos d'Estournel - Saint Estephe,B
49.0,16,1995,Cos d'Estournel - Saint Estephe,B
49.0,17,1995,Cos d'Estournel - Saint Estephe,B
49.0,18,1985,Lynch Bages - Pauillac,B
49.0,19,1989,Lynch Bages - Pauillac,B
49.0,20,1988,Lynch Bages - Pauillac,B
49.0,21,1985,Lynch Bages - Pauillac,B
49.0,22,,,
49.0,23,,,
49.0,24,,,
49.0,25,,,
,,,,
,,,,
,,Column 50,,
,,,,
,No,,,
50.0,1,,,
50.0,2,,,
50.0,3,2001,Moulin de Duhart Rothschild - Pauillac,B
50.0,4,2001,Moulin de Duhart Rothschild - Pauillac,B
50.0,5,2001,Moulin de Duhart Rothschild - Pauillac,B
50.0,6,2001,Moulin de Duhart Rothschild - Pauillac,B
50.0,7,2001,Moulin de Duhart Rothschild - Pauillac,B
50.0,8,2001,Moulin de Duhart Rothschild - Pauillac,B
50.0,9,1990,La Dominique - Saint Emilion,B
50.0,10,1990,La Dominique - Saint Emilion,B
50.0,11,,,
50.0,12,,,
50.0,13,,,
50.0,14,,,
,,,,
50.0,15,1982,Gruaud Larose - Saint Julien,B
50.0,16,1982,Gruaud Larose - Saint Julien,B
50.0,17,1982,Gruaud Larose - Saint Julien,B
50.0,18,1982,Gruaud Larose - Saint Julien,B
50.0,19,1982,Gruaud Larose - Saint Julien,B
50.0,20,1983,Gruaud Larose - Saint Julien,B
50.0,21,1983,Gruaud Larose - Saint Julien,B
50.0,22,1983,Gruaud Larose - Saint Julien,B
50.0,23,1983,Gruaud Larose - Saint Julien,B
50.0,24,1985,Gruaud Larose - Saint Julien,B
50.0,25,,,
,,,,
,,,,
,,Column 51,,
,,,,
,No,,,
51.0,1,,,
51.0,2,,,
51.0,3,1998,La Fleur de Jague - Saint Emilion,B
51.0,4,1998,La Fleur de Jague - Saint Emilion,B
51.0,5,1998,La Fleur de Jague - Saint Emilion,B
51.0,6,1998,La Fleur de Jague - Saint Emilion,B
51.0,7,1998,La Fleur de Jague - Saint Emilion,B
51.0,8,1998,La Fleur de Jague - Saint Emilion,B
51.0,9,1998,La Fleur de Jague - Saint Emilion,B
51.0,10,1998,La Fleur de Jague - Saint Emilion,B
51.0,11,1998,La Fleur de Jague - Saint Emilion,B
51.0,12,1998,La Fleur de Jague - Saint Emilion,B
51.0,13,1998,La Fleur de Jague - Saint Emilion,B
51.0,14,1998,La Fleur de Jague - Saint Emilion,B
,,,,
51.0,15,1986,Gruaud Larose - Saint Julien,B
51.0,16,1986,Gruaud Larose - Saint Julien,B
51.0,17,1986,Gruaud Larose - Saint Julien,B
51.0,18,1985,Gruaud Larose - Saint Julien,B
51.0,19,,,
51.0,20,2000,Prieure-Lichine - Margaux ,B
51.0,21,2000,Prieure-Lichine - Margaux ,B
51.0,22,2000,Prieure-Lichine - Margaux ,B
51.0,23,2000,Prieure-Lichine - Margaux ,B
51.0,24,2000,Prieure-Lichine - Margaux ,B
51.0,25,2000,Prieure-Lichine - Margaux ,B
,,,,
,,,,
,,Column 52,,
,,,,
,No,,,
52.0,1,,,
52.0,2,,,
52.0,3,,,
52.0,4,,,
52.0,5,,,
52.0,6,,,
52.0,7,1987,Clos Pegase Artist's Hommage,BL
52.0,8,1987,Clos Pegase Artist's Hommage,BL
52.0,9,1987,Clos Pegase Artist's Hommage,BL
52.0,10,1987,Clos Pegase Artist's Hommage,BL
52.0,11,1988,Meyney Cru Bourgeois - Saint Estephe,B
52.0,12,1988,Haut-Bailly Pessac-Leognan,B
52.0,13,1988,Haut-Bailly Pessac-Leognan,B
52.0,14,1988,Haut-Bailly Pessac-Leognan,B
,,,,
52.0,15,1986,Lafite Rothschild - Pauillac,B
52.0,16,1986,Lafite Rothschild - Pauillac,B
52.0,17,1988,Haut-Bailly Pessac-Leognan,B
52.0,18,1988,Haut-Bailly Pessac-Leognan,B
52.0,19,1988,Haut-Bailly Pessac-Leognan,B
52.0,20,1988,Haut-Bailly Pessac-Leognan,B
52.0,21,1988,Haut-Bailly Pessac-Leognan,B
52.0,22,1988,Haut-Bailly Pessac-Leognan,B
52.0,23,1988,Haut-Bailly Pessac-Leognan,B
52.0,24,1986,Meyney Cru Bourgeois - Saint Estephe,B
52.0,25,,,
,,,,
,,,,
,,Column 53,,
,,,,
,No,,,
53.0,1,,,
53.0,2,,,
53.0,3,,,
53.0,4,,,
53.0,5,,,
53.0,6,,,
53.0,7,,,
53.0,8,1995,Meyney Cru Bourgeois - Saint Estephe,B
53.0,9,1995,Meyney Cru Bourgeois - Saint Estephe,B
53.0,10,1995,Meyney Cru Bourgeois - Saint Estephe,B
53.0,11,1995,Meyney Cru Bourgeois - Saint Estephe,B
53.0,12,1995,Meyney Cru Bourgeois - Saint Estephe,B
53.0,13,1995,Meyney Cru Bourgeois - Saint Estephe,B
53.0,14,2000,Berliquet Grand Cru - Saint Emilion,B
,,,,
53.0,15,2000,Berliquet Grand Cru - Saint Emilion,B
53.0,16,,,
53.0,17,,,
53.0,18,2000,Berliquet Grand Cru - Saint Emilion,B
53.0,19,2000,Berliquet Grand Cru - Saint Emilion,B
53.0,20,2000,Berliquet Grand Cru - Saint Emilion,B
53.0,21,2000,Berliquet Grand Cru - Saint Emilion,B
53.0,22,2000,Berliquet Grand Cru - Saint Emilion,B
53.0,23,2000,Berliquet Grand Cru - Saint Emilion,B
53.0,24,2000,Berliquet Grand Cru - Saint Emilion,B
53.0,25,2000,Berliquet Grand Cru - Saint Emilion,B
,,,,
,,,,
,,Column 54,,
,,,,
,No,,,z
54.0,1,,,
54.0,2,,,
54.0,3,1998,Leoville Barton - Saint Julien,B
54.0,4,1998,Leoville Barton - Saint Julien,B
54.0,5,1998,Leoville Barton - Saint Julien,B
54.0,6,1998,Leoville Barton - Saint Julien,B
54.0,7,1998,Leoville Barton - Saint Julien,B
54.0,8,1998,Leoville Barton - Saint Julien,B
54.0,9,1998,Leoville Barton - Saint Julien,B
54.0,10,1998,Leoville Barton - Saint Julien,B
54.0,11,1998,Leoville Barton - Saint Julien,B
54.0,12,1998,Leoville Barton - Saint Julien,B
54.0,13,,,
54.0,14,1981,La Mission Haut-Brion - Graves,B
,,,,
54.0,15,1994,La Mission - Pessac-Leognan,B
54.0,16,1994,La Mission - Pessac-Leognan,B
54.0,17,1994,La Mission - Pessac-Leognan,B
54.0,18,1994,La Mission - Pessac-Leognan,B
54.0,19,1994,La Mission - Pessac-Leognan,B
54.0,20,,,
54.0,21,,,
54.0,22,,,
54.0,23,,,
54.0,24,,,
54.0,25,,,
,,,,
,,,,
,,Column 55,,
,,,,
,No,,,
55.0,1,,,
55.0,2,,,
55.0,3,,,
55.0,4,,,
55.0,5,,,
55.0,6,,,
55.0,7,2012,A. Rafanelli,Z
55.0,8,2012,A. Rafanelli,Z
55.0,9,2012,A. Rafanelli,Z
55.0,10,2012,A. Rafanelli,Z
55.0,11,2012,A. Rafanelli,Z
55.0,12,2012,A. Rafanelli,Z
55.0,13,2012,A. Rafanelli,Z
55.0,14,2012,A. Rafanelli,Z
,,,,
55.0,15,1982,Talbot - Saint Julien,B
55.0,16,1986,Talbot - Saint Julien,B
55.0,17,1986,Talbot - Saint Julien,B
55.0,18,1985,Talbot - Saint Julien,B
55.0,19,,,
55.0,20,,,
55.0,21,,,
55.0,22,1983,Talbot - Saint Julien,B
55.0,23,1983,Talbot - Saint Julien,B
55.0,24,1988,Talbot - Saint Julien,B
55.0,25,1989,La Mission Haut-Brion Pessac Leognan,B
,,,,
,,,,
,,Column 56,,
,,,,
,No,,,
56.0,1,,,
56.0,2,,,
56.0,3,,,
56.0,4,1995,Baron de Pichon Longueville - Pauillac-Medoc,B
56.0,5,1995,Baron de Pichon Longueville - Pauillac-Medoc,B
56.0,6,1995,Baron de Pichon Longueville - Pauillac-Medoc,B
56.0,7,1995,Baron de Pichon Longueville - Pauillac-Medoc,B
56.0,8,1995,Baron de Pichon Longueville - Pauillac-Medoc,B
56.0,9,1995,Baron de Pichon Longueville - Pauillac-Medoc,B
56.0,10,1995,Baron de Pichon Longueville - Pauillac-Medoc,B
56.0,11,1995,Baron de Pichon Longueville - Pauillac-Medoc,B
56.0,12,1995,Baron de Pichon Longueville - Pauillac-Medoc,B
56.0,13,1995,Baron de Pichon Longueville - Pauillac-Medoc,B
56.0,14,1995,Baron de Pichon Longueville - Pauillac-Medoc,B
,,,,
56.0,15,1982,Pichon Longueville Comtesse de Lalande - Pauillac,B
56.0,16,,,
56.0,17,1986,La Mission Haut-Brion Pessac Leognan,B
56.0,18,1986,La Mission Haut-Brion Pessac Leognan,B
56.0,19,1986,La Mission Haut-Brion Pessac Leognan,B
56.0,20,,,
56.0,21,,,B
56.0,22,1988,La Dominique - Saint Emilion,B
56.0,23,1988,La Dominique - Saint Emilion,B
56.0,24,1988,La Dominique - Saint Emilion,B
56.0,25,1988,La Dominique - Saint Emilion,B
,,,,
,,,,
,,Column 57,,
,,,,
,No,,,
57.0,1,,,
57.0,2,,,
57.0,3,1990,Pavie Macquin - Saint Emilion,B
57.0,4,1990,Pavie Macquin - Saint Emilion,B
57.0,5,1990,Pavie Macquin - Saint Emilion,B
57.0,6,1990,Pavie Macquin - Saint Emilion,B
57.0,7,1990,Pavie Macquin - Saint Emilion,B
57.0,8,,,
57.0,9,1990,Les Ormes de Pez - Saint Estephe,B
57.0,10,1990,Les Ormes de Pez - Saint Estephe,B
57.0,11,1990,Les Ormes de Pez - Saint Estephe,B
57.0,12,1990,Les Ormes de Pez - Saint Estephe,B
57.0,13,1986,Les Ormes de Pez - Saint Estephe,B
57.0,14,,,
,,,,
57.0,15,1994,Haut-Brion - Pessac-Leognan,B
57.0,16,1983,Margaux Premier Grand Cru,B
57.0,17,,,
57.0,18,1990,Canon la Gaffeliere - Saint Emilion,B
57.0,19,1990,Canon la Gaffeliere - Saint Emilion,B
57.0,20,1994,Pontet-Canet - Pauillac,B
57.0,21,1994,Pontet-Canet - Pauillac,B
57.0,22,1994,Pontet-Canet - Pauillac,B
57.0,23,1994,Pontet-Canet - Pauillac,B
57.0,24,1994,Pontet-Canet - Pauillac,B
57.0,25,,,
,,,,
,,,,
,,Column 58,,
,,,,
,No,,,
58.0,1,,,
58.0,2,1988,Rausan-Segla - Margaux,B
58.0,3,1988,Rausan-Segla - Margaux,B
58.0,4,1988,Rausan-Segla - Margaux,B
58.0,5,1988,Rausan-Segla - Margaux,B
58.0,6,1988,Rausan-Segla - Margaux,B
58.0,7,1988,Rausan-Segla - Margaux,B
58.0,8,1988,Rausan-Segla - Margaux,B
58.0,9,1988,Rausan-Segla - Margaux,B
58.0,10,1988,Rausan-Segla - Margaux,B
58.0,11,,,
58.0,12,,,
58.0,13,1988,Rausan-Segla - Margaux,B
58.0,14,,,
,,,,
58.0,15,1985,Haut Brion - Graves,B
58.0,16,1985,Haut Brion - Graves,B
58.0,17,1985,Haut Brion - Graves,B
58.0,18,1979,Haut Brion - Graves,B
58.0,19,1988,Haut Brion - Graves,B
58.0,20,1988,Haut Brion - Graves,B
58.0,21,,,
58.0,22,1986,Montrose - Saint Estephe,B
58.0,23,1986,Montrose - Saint Estephe,B
58.0,24,1986,Montrose - Saint Estephe,B
58.0,25,,,
,,,,
,,,,
,,Column 59,,
,,,,
,No,,,
59.0,1,,,
59.0,2,,,
59.0,3,,,
59.0,4,,,
59.0,5,,,
59.0,6,,,
59.0,7,1988,Duhart Milon Rothschild - Pauillac,B
59.0,8,1988,Duhart Milon Rothschild - Pauillac,B
59.0,9,1988,Duhart Milon Rothschild - Pauillac,B
59.0,10,1988,Duhart Milon Rothschild - Pauillac,B
59.0,11,,,
59.0,12,1990,Rausan-Segal - Margaux,B
59.0,13,1990,Rausan-Segal - Margaux,B
59.0,14,1990,Rausan-Segal - Margaux,B
,,,,
59.0,15,1983,Palmer - Margaux-Medoc,B
59.0,16,1983,Palmer - Margaux-Medoc,B
59.0,17,1983,Palmer - Margaux-Medoc,B
59.0,18,1990,Pavie Decesse - Saint Emilion,B
59.0,19,1990,Pavie Decesse - Saint Emilion,B
59.0,20,1990,Pavie Decesse - Saint Emilion,B
59.0,21,,,
59.0,22,,,
59.0,23,,,
59.0,24,,,
59.0,25,,,
,,,,
,,,,
,,Column 60,,
,,,,
,No,,,
60.0,1,,,
60.0,2,,,
60.0,3,,,
60.0,4,,,
60.0,5,,,
60.0,6,,,
60.0,7,,,
60.0,8,1988,Pichon Longueville Comtesse de Lalande - Pauillac,B
60.0,9,1988,Pichon Longueville Comtesse de Lalande - Pauillac,B
60.0,10,1986,Pichon Longueville Comtesse de Lalande - Pauillac,B
60.0,11,1986,Pichon Longueville Comtesse de Lalande - Pauillac,B
60.0,12,1986,Pichon Longueville Comtesse de Lalande - Pauillac,B
60.0,13,,,
60.0,14,1988,Pape Clement - Pessac-Leognan,B
,,,,
60.0,15,1988,Pape Clement - Pessac-Leognan,B
60.0,16,,,
60.0,17,1988,Pape Clement - Pessac-Leognan,B
60.0,18,1988,Pape Clement - Pessac-Leognan,B
60.0,19,1988,Pape Clement - Pessac-Leognan,B
60.0,20,1988,Pape Clement - Pessac-Leognan,B
60.0,21,1988,Pape Clement - Pessac-Leognan,B
60.0,22,1988,Pape Clement - Pessac-Leognan,B
60.0,23,1986,Vieux Chateau Certan - Pomerol,B
60.0,24,1986,Vieux Chateau Certan - Pomerol,B
60.0,25,,,
,,,,
,,,,
,,Column 61,,
,,,,
,No,,,
61.0,1,,,
61.0,2,,,
61.0,3,,,
61.0,4,1995,Calon Segur - Saint Estephe,B
61.0,5,1995,Calon Segur - Saint Estephe,B
61.0,6,1995,Calon Segur - Saint Estephe,B
61.0,7,1995,Calon Segur - Saint Estephe,B
61.0,8,1995,Calon Segur - Saint Estephe,B
61.0,9,1995,Calon Segur - Saint Estephe,B
61.0,10,,,
61.0,11,1995,Calon Segur - Saint Estephe,B
61.0,12,1995,Calon Segur - Saint Estephe,B
61.0,13,1995,Calon Segur - Saint Estephe,B
61.0,14,1995,Calon Segur - Saint Estephe,B
,,,,
61.0,15,1985,Mouton Rothschild - Pauillac,B
61.0,16,1985,Mouton Rothschild - Pauillac,B
61.0,17,1990,Pape Clement - Pessac-Leognan,B
61.0,18,,,
61.0,19,1990,Pape Clement - Pessac-Leognan,B
61.0,20,1990,Pape Clement - Pessac-Leognan,B
61.0,21,1990,Pape Clement - Pessac-Leognan,B
61.0,22,,,
61.0,23,,,
61.0,24,,,
61.0,25,,,
,,,,
,,,,
,,Column 62,,
,,,,
,No,,,
62.0,1,,,
62.0,2,2002,Pichon Longueville Comtesse de Lalande - Pauillac,B
62.0,3,1998,Clos de L'oratoire - Saint Emilion,B
62.0,4,1998,Clos de L'oratoire - Saint Emilion,B
62.0,5,1998,Clos de L'oratoire - Saint Emilion,B
62.0,6,1998,Clos de L'oratoire - Saint Emilion,B
62.0,7,1998,Clos de L'oratoire - Saint Emilion,B
62.0,8,1998,Clos de L'oratoire - Saint Emilion,B
62.0,9,1998,Clos de L'oratoire - Saint Emilion,B
62.0,10,1998,Clos de L'oratoire - Saint Emilion,B
62.0,11,1998,Clos de L'oratoire - Saint Emilion,B
62.0,12,1998,Clos de L'oratoire - Saint Emilion,B
62.0,13,1998,Clos de L'oratoire - Saint Emilion,B
62.0,14,,,
,,,,
62.0,15,1990,La Dame de Montrose - Saint Estephe,B
62.0,16,,,
62.0,17,1990,La Dame de Montrose - Saint Estephe,B
62.0,18,1990,La Dame de Montrose - Saint Estephe,B
62.0,19,1990,La Dame de Montrose - Saint Estephe,B
62.0,20,1990,La Dame de Montrose - Saint Estephe,B
62.0,21,1990,La Dame de Montrose - Saint Estephe,B
62.0,22,1990,La Dame de Montrose - Saint Estephe,B
62.0,23,1990,La Dame de Montrose - Saint Estephe,B
62.0,24,1990,La Dame de Montrose - Saint Estephe,B
62.0,25,1990,La Dame de Montrose - Saint Estephe,B
,,,,
,,,,
,,Column 63,,
,,,,
,No,,,
63.0,1,2002,Pichon Longueville Comtesse de Lalande - Pauillac,B
63.0,2,2002,Pichon Longueville Comtesse de Lalande - Pauillac,B
63.0,3,2002,Pichon Longueville Comtesse de Lalande - Pauillac,B
63.0,4,2002,Pichon Longueville Comtesse de Lalande - Pauillac,B
63.0,5,2002,Pichon Longueville Comtesse de Lalande - Pauillac,B
63.0,6,2002,Pichon Longueville Comtesse de Lalande - Pauillac,B
63.0,7,2002,Pichon Longueville Comtesse de Lalande - Pauillac,B
63.0,8,2002,Pichon Longueville Comtesse de Lalande - Pauillac,B
63.0,9,2002,Pichon Longueville Comtesse de Lalande - Pauillac,B
63.0,10,2002,Pichon Longueville Comtesse de Lalande - Pauillac,B
63.0,11,,,
63.0,12,2002,Pichon Longueville Comtesse de Lalande - Pauillac,B
63.0,13,2002,Pichon Longueville Comtesse de Lalande - Pauillac,B
63.0,14,2002,Pichon Longueville Comtesse de Lalande - Pauillac,B
,,,,
63.0,15,1989,Montrose - Saint Estephe,B
63.0,16,1989,Montrose - Saint Estephe,B
63.0,17,2003,Chassagne-Montrachet Fontaine-Gagnard,RB
63.0,18,2015,"Guillon & Fils ""Les Graviers"" - Bourgogne",RB
63.0,19,1996,"Chassagne-Montrachet, Borgeot - clos St. Jean",RB
63.0,20,1989,Montrose - Saint Estephe,B
63.0,21,1989,Montrose - Saint Estephe,B
63.0,22,1989,Montrose - Saint Estephe,B
63.0,23,2012,Gevrey-Chambertin Guillon & Fils - Les Champeaux,RB
63.0,24,2005,Aloxe-Corton Maillard & Fils - Bourgogne ,RB
63.0,25,,,
,,,,
,,,,
,,Column 64,,
,,,,
,No,,,
64.0,1,,,
64.0,2,,,
64.0,3,2017,En Numeros Vermells Garnatxa Blanca del Carlos,Priorat DOQ
64.0,4,2016,En Numeros Vermells Garnatxa Blanca del Carlos (signed),Priorat DOQ
64.0,5,2016,En Numeros Vermells Garnatxa Blanca del Carlos (signed),Priorat DOQ
64.0,6,2014,En Numeros Vermells Garnatxa Blanca del Carlos (signed),Priorat DOQ
64.0,7,2014,En Numeros Vermells Garnatxa Blanca del Carlos (signed),Priorat DOQ
64.0,8,2014,En Numeros Vermells Garnatxa Blanca del Carlos (signed),Priorat DOQ
64.0,9,2016,En Numeros Vermells Garnatxa Blanca del Carlos (signed),Priorat DOQ
64.0,10,2004,Odysseus Vinedos de Ithaca (signed),Priorat DOQ
64.0,11,2004,Odysseus Vinedos de Ithaca (signed),Priorat DOQ
64.0,12,2003,Odysseus Vinedos de Ithaca (signed),Priorat DOQ
64.0,13,2007,Akyles Vinedos de Ithaca (signed),Priorat DOQ
64.0,14,,,
,,,,
64.0,15,2006,Odysseus Maset del Ros Ithaca (signed),Priorat DOQ
64.0,16,2000,Puligny-Montrachet Larue - Bourgogne ,WB
64.0,17,2000,Puligny-Montrachet Larue - Bourgogne ,WB
64.0,18,2009,"Larue, Saint Aubin Murgers des dent de Chien",WB
64.0,19,2015,"Guillon & Fils ""Les Graviers"" Bourgogne",RB
64.0,20,2015,"Guillon & Fils ""Les Graviers"" Bourgogne",RB
64.0,21,2015,"Guillon & Fils ""Les Graviers"" Bourgogne",RB
64.0,22,2015,"Guillon & Fils ""Les Graviers"" Bourgogne",RB
64.0,23,2012,Guillon & Fils Gevrey-Chambertin,RB
64.0,24,2012,Guillon & Fils Gevrey-Chambertin,RB
64.0,25,2012,Guillon & Fils Gevrey-Chambertin,RB
,,,,
,,,,
,,Column 65,,
,,,,
,No,,,
65.0,1,,,
65.0,2,2017,En Numeros Vermells Pedro Ximenez Red ,Priorat DOQ
65.0,3,2017,En Numeros Vermells Pedro Ximenez Red ,Priorat DOQ
65.0,4,2017,En Numeros Vermells Pedro Ximenez Red ,Priorat DOQ
65.0,5,2017,En Numeros Vermells Garnatxa Blanco,Priorat DOQ
65.0,6,2017,En Numeros Vermells Garnatxa Blanco,Priorat DOQ
65.0,7,2017,En Numeros Vermells Garnatxa Blanco,Priorat DOQ
65.0,8,2017,En Numeros Vermells Garnatxa Blanco,Priorat DOQ
65.0,9,2017,En Numeros Vermells Garnatxa Blanco,Priorat DOQ
65.0,10,2016,Patricia Green Reserve,Pinot Noir
65.0,11,2016,Patricia Green Reserve,Pinot Noir
65.0,12,2016,Patricia Green Reserve,Pinot Noir
65.0,13,2016,Patricia Green Reserve,Pinot Noir
65.0,14,2016,Patricia Green Reserve,Pinot Noir
,,,,
65.0,15,2013,Patricia Green Estate Old Vine,Pinot Noir
65.0,16,2013,Patricia Green Estate Old Vine,Pinot Noir
65.0,17,2013,Patricia Green Estate Old Vine,Pinot Noir
65.0,18,2013,Patricia Green Estate Old Vine,Pinot Noir
65.0,19,2013,Patricia Green Estate Old Vine,Pinot Noir
65.0,20,2016,Patricia Green Reserve,Pinot Noir
65.0,21,2004,d'Eole Confidence vin de pays des Bouches - Rhone,BL WB
65.0,22,2004,d'Eole Confidence vin de pays des Bouches - Rhone,BL WB
65.0,23,2006,"Saint Aubin, Larue, Les Combes",WB
65.0,24,2006,"Saint Aubin, Larue, Les Combes",WB
65.0,25,1988,Pignan Chateauneuf du Pape Reserve,RB
,,,,
,,,,
,,Column 66,,
,,,,
,No,,,
66.0,1,,,
66.0,2,,,
66.0,3,2012,En Numeros Vermells Garnatxa Blanco,Priorat DOQ
66.0,4,2017,En Numeros Vermells Pedro Ximenez Red ,Priorat DOQ
66.0,5,2017,En Numeros Vermells Pedro Ximenez Red ,Priorat DOQ
66.0,6,2017,En Numeros Vermells Pedro Ximenez Red ,Priorat DOQ
66.0,7,2001,R. Lopez de Heredia Vina Todonia Reserva,Rioja
66.0,8,2003,R. Lopez de Heredia Vina Bosconia Reserva,Rioja
66.0,9,2012,Guillon & Fils Bourgogne Chardonnay,WB
66.0,10,2012,Guillon & Fils Bourgogne Chardonnay,WB
66.0,11,2011,Guillon & Fils Marsannay Clos de Portes,RB
66.0,12,2011,Guillon & Fils Marsannay Clos de Portes,RB
66.0,13,2011,Guillon & Fils Marsannay Clos de Portes,RB
66.0,14,2011,Guillon & Fils Marsannay Clos de Portes,RB
,,,,
66.0,15,1997,Brunello di Montalcino Fattoria la Lecciaia,DOCG Red
66.0,16,,,
66.0,17,2015,Altesino Brunello di Montelcino,DOCG Red
66.0,18,2015,Altesino Brunello di Montelcino,DOCG Red
66.0,19,,,
66.0,20,2012,Achille Boroli Barolo ,DOCG Red
66.0,21,2012,Achille Boroli Barolo ,DOCG Red
66.0,22,,,
66.0,23,2015,Barbaresco Luigi Giordane Asili,DDOCG Red
66.0,24,2015,Barbaresco Luigi Giordane Asili,DDOCG Red
66.0,25,2012,Barbaresco Luigi Giordane Asili,DDOCG Red
